product_id,product_name,url,category,scraped_at
9002628088053,Glossier You Fleur,https://www.glossier.com/en-lt/products/glossier-you-fleur,Fragrance,2026-09-30T14:34:08+00:00
9478056870133,Glossier You Soie,https://www.glossier.com/en-lt/products/glossier-you-soie,Fragrance,2026-09-30T14:34:09+00:00
8940009718005,Glossier You Rêve,https://www.glossier.com/en-lt/products/glossier-you-reve,Fragrance,2026-09-30T14:34:11+00:00
8035305128181,Futuredew,https://www.glossier.com/en-lt/products/futuredew,Skincare,2026-09-30T14:34:12+00:00
9720506679541,The Skincare Icons,https://www.glossier.com/en-lt/products/the-skincare-icons-eu,Makeup,2026-09-30T14:34:13+00:00
9673212657909,Fragrance Trio,https://www.glossier.com/en-lt/products/fragrance-trio,Fragrance,2026-09-30T14:34:14+00:00
9763083223285,The Glossier Icons,https://www.glossier.com/en-lt/products/the-glossier-icons,Makeup,2026-09-30T14:34:15+00:00
9313312211189,Cloud Paint Plush Blush,https://www.glossier.com/en-lt/products/cloud-paint-plush-blush,Makeup,2026-09-30T14:34:18+00:00
8955892400373,Cloud Paint,https://www.glossier.com/en-lt/products/cloud-paint,Makeup,2026-09-30T14:34:18+00:00
8955889910005,Lip Line,https://www.glossier.com/en-lt/products/lip-line,Makeup,2026-09-30T14:34:18+00:00
9673208430837,Fragrance Two Ways,https://www.glossier.com/en-lt/products/fragrance-two-ways,Fragrance,2026-09-30T14:34:20+00:00
9673208594677,Travel Spray + Balm,https://www.glossier.com/en-lt/products/travel-spray-balm,Fragrance,2026-09-30T14:34:22+00:00
9748303511797,In A New York Minute Set,https://www.glossier.com/en-lt/products/in-a-new-york-minute,Makeup,2026-09-30T14:34:23+00:00
9673207906549,Fragrance Duo,https://www.glossier.com/en-lt/products/fragrance-duo,Fragrance,2026-09-30T14:34:23+00:00
9150866882805,Balm Dotcom,https://www.glossier.com/en-lt/products/balm-dotcom,Balms,2026-09-30T14:34:25+00:00
8058325532917,Boy Brow,https://www.glossier.com/en-lt/products/boy-brow,Makeup,2026-09-30T14:34:27+00:00
8781157761269,Lip Gloss,https://www.glossier.com/en-lt/products/lip-gloss,Makeup,2026-09-30T14:34:28+00:00
9677630636277,Errand Bag,https://www.glossier.com/en-lt/products/errand-bag,Merch,2026-09-30T14:34:29+00:00
9720429347061,The No-Makeup Makeup Kit,https://www.glossier.com/en-lt/products/the-no-makeup-makeup-kit,Makeup,2026-09-30T14:34:31+00:00
8035305881845,The Beauty Bag,https://www.glossier.com/en-lt/products/the-beauty-bag,Merch,2026-09-30T14:34:32+00:00
8280100143349,Mini Beauty Bag,https://www.glossier.com/en-lt/products/mini-beauty-bag,Merch,2026-09-30T14:34:33+00:00
8771481239797,Crème de You,https://www.glossier.com/en-lt/products/creme-de-you,Fragrance,2026-09-30T14:34:34+00:00
8075554783477,Stretch Fluid Foundation,https://www.glossier.com/en-lt/products/stretch-fluid-foundation,Makeup,2026-09-30T14:34:37+00:00
8035307880693,Perfecting Skin Tint,https://www.glossier.com/en-lt/products/perfecting-skin-tint,Makeup,2026-09-30T14:34:38+00:00
8087462052085,Stretch Balm Concealer,https://www.glossier.com/en-lt/products/stretch-balm-concealer,Makeup,2026-09-30T14:34:39+00:00
8353877491957,Invisible Shield SPF50,https://www.glossier.com/en-lt/products/invisible-shield-spf50-eu,Skincare,2026-09-30T14:34:39+00:00
8255637979381,Milky Jelly Cleanser,https://www.glossier.com/en-lt/products/milky-jelly-cleanser,Skincare,2026-09-30T14:34:40+00:00
9151050449141,Balm Dotcom Trio,https://www.glossier.com/en-lt/products/balm-dotcom-trio,Balms,2026-09-30T14:34:41+00:00
9720388026613,Boy Brow Duo,https://www.glossier.com/en-lt/products/boy-brow-duo,Makeup,2026-09-30T14:34:44+00:00
8096651477237,The Face Kit,https://www.glossier.com/en-lt/products/the-face-kit,Makeup,2026-09-30T14:34:44+00:00
8983877845237,Ultralip,https://www.glossier.com/en-lt/products/ultralip,Makeup,2026-09-30T14:34:46+00:00
8035305554165,Lash Slick,https://www.glossier.com/en-lt/products/lash-slick,Makeup,2026-09-30T14:34:47+00:00
9089546780917,Body Spritz,https://www.glossier.com/en-lt/products/body-spritz,Fragrance,2026-09-30T14:34:49+00:00
8035305390325,Glossier You Solid,https://www.glossier.com/en-lt/products/glossier-you-solid,Fragrance,2026-09-30T14:34:50+00:00
9677686636789,Smile Wave Pet Waste Bags,https://www.glossier.com/en-lt/products/smile-wave-pet-waste-bags,Merch,2026-09-30T14:34:51+00:00
9677678936309,Pet Waste Bag Dispenser,https://www.glossier.com/en-lt/products/pet-waste-bag-dispenser,Merch,2026-09-30T14:34:52+00:00
9677651181813,You Look Good Collar,https://www.glossier.com/en-lt/products/you-look-good-collar,Merch,2026-09-30T14:34:54+00:00
9677642465525,You Look Good Leash,https://www.glossier.com/en-lt/products/you-look-good-leash,Merch,2026-09-30T14:34:55+00:00
9688046076149,The Curbside Set,https://www.glossier.com/en-lt/products/the-curbside-set,Merch,2026-09-30T14:34:56+00:00
9688026841333,You Look Good Pet Set,https://www.glossier.com/en-lt/products/you-look-good-pet-set,Merch,2026-09-30T14:34:57+00:00
8035305980149,Body Hero Dry-Touch Oil Mist,https://www.glossier.com/en-lt/products/body-hero-dry-touch-oil-mist,Body,2026-09-30T14:34:59+00:00
8255678841077,After Baume,https://www.glossier.com/en-lt/products/glossier-after-baume,Skincare,2026-09-30T14:35:00+00:00
9151055298805,Balm + Line Duo,https://www.glossier.com/en-lt/products/balm-line-duo,Makeup,2026-09-30T14:35:02+00:00
9011101597941,Ultralip Duo,https://www.glossier.com/en-lt/products/ultralip-duo,Makeup,2026-09-30T14:35:04+00:00
9017577963765,Lip Glaze,https://www.glossier.com/en-lt/products/lip-glaze,Makeup,2026-09-30T14:35:04+00:00
8197538709749,Generation G,https://www.glossier.com/en-lt/products/generation-g,Makeup,2026-09-30T14:35:07+00:00
8196948459765,Glossier Candles,https://www.glossier.com/en-lt/products/glossier-candle,Fragrance,2026-09-30T14:35:07+00:00
8035306275061,Deodorant,https://www.glossier.com/en-lt/products/deodorant,Body,2026-09-30T14:35:08+00:00
8035306766581,Deodorant Refillable Case,https://www.glossier.com/en-lt/products/deodorant-refillable-case,Body,2026-09-30T14:35:10+00:00
8784192995573,Birthday Cake Candle,https://www.glossier.com/en-lt/products/birthday-cake-candle,Fragrance,2026-09-30T14:35:11+00:00
8989311336693,Futuredew Solid,https://www.glossier.com/en-lt/products/futuredew-solid,Skincare,2026-09-30T14:35:13+00:00
8035304898805,Super Pure,https://www.glossier.com/en-lt/products/super-pure,Skincare,2026-09-30T14:35:14+00:00
8035305488629,Super Bounce,https://www.glossier.com/en-lt/products/super-bounce,Skincare,2026-09-30T14:35:15+00:00
8035305259253,Super Glow,https://www.glossier.com/en-lt/products/super-glow,Skincare,2026-09-30T14:35:16+00:00
9002627596533,Milky Jelly Cleansing Balm,https://www.glossier.com/en-lt/products/milky-jelly-cleansing-balm,Skincare,2026-09-30T14:35:17+00:00
8097737670901,Stretch Face Brush,https://www.glossier.com/en-lt/products/stretch-face-brush,Makeup,2026-09-30T14:35:19+00:00
9178342228213,Skylight,https://www.glossier.com/en-lt/products/skylight,Makeup,2026-09-30T14:35:20+00:00
8255693258997,Cloud Paint Duo,https://www.glossier.com/en-lt/products/cloud-paint-duo,Makeup,2026-09-30T14:35:21+00:00
8035305029877,Lash Slick Duo,https://www.glossier.com/en-lt/products/lash-slick-duo,Makeup,2026-09-30T14:35:22+00:00
8185258410229,Full Orbit,https://www.glossier.com/en-lt/products/full-orbit,Skincare,2026-09-30T14:35:24+00:00
8035305357557,Milky Oil,https://www.glossier.com/en-lt/products/milky-oil,Skincare,2026-09-30T14:35:26+00:00
8035304702197,Priming Moisturizer Balance,https://www.glossier.com/en-lt/products/priming-moisturizer-balance,Skincare,2026-09-30T14:35:26+00:00
8035306012917,Priming Moisturizer Rich,https://www.glossier.com/en-lt/products/priming-moisturizer-rich,Skincare,2026-09-30T14:35:28+00:00
8955900821749,No. 1 Pencil,https://www.glossier.com/en-lt/products/no-1-pencil,Makeup,2026-09-30T14:35:30+00:00
8349789815029,You + You Travel Spray,https://www.glossier.com/en-lt/products/more-of-you-duo,Fragrance,2026-09-30T14:35:32+00:00
9110245540085,The Glossier You Routine,https://www.glossier.com/en-lt/products/glossier-you-routine,Fragrance,2026-09-30T14:35:33+00:00
8262396510453,The Cheek Kit,https://www.glossier.com/en-lt/products/the-cheek-kit,Makeup,2026-09-30T14:35:34+00:00
9119288197365,Full Body Routine,https://www.glossier.com/en-lt/products/full-body-routine,Body,2026-09-30T14:35:36+00:00
8878915322101,Classic Cap,https://www.glossier.com/en-lt/products/classic-cap,Merch,2026-09-30T14:35:36+00:00
8081166794997,Duffle Bag,https://www.glossier.com/en-lt/products/duffle-bag,Merch,2026-09-30T14:35:37+00:00
8511286575349,Glossier Utility Bag,https://www.glossier.com/en-lt/products/glossier-utility-bag,Merch,2026-09-30T14:35:39+00:00
7774946722037,Field Greens Blanket,https://www.glossier.com/en-lt/products/field-greens-blanket,Merch,2026-09-30T14:35:40+00:00
8035307454709,Glossier Sweatshirt,https://www.glossier.com/en-lt/products/glossier-sweatshirt,Merch,2026-09-30T14:35:41+00:00
8878914076917,Three Eyed Smiley Mug,https://www.glossier.com/en-lt/products/three-eyed-smiley-mug,Merch,2026-09-30T14:35:42+00:00
8059543847157,Limited Edition Embroidered Cream Hoodie,https://www.glossier.com/en-lt/products/limited-edition-embroidered-cream-hoodie,Merch,2026-09-30T14:35:44+00:00
7774947967221,Terrazzo Hoodie,https://www.glossier.com/en-lt/products/terrazzo-hoodie,Merch,2026-09-30T14:35:45+00:00
8463593275637,Sharpener,https://www.glossier.com/en-lt/products/sharpener,Makeup,2026-09-30T14:35:47+00:00
8035305193717,Glossier You Solid Refill,https://www.glossier.com/en-lt/products/glossier-you-solid-refill,Fragrance,2026-09-30T14:35:48+00:00
8035305324789,Body Hero Exfoliating Bar,https://www.glossier.com/en-lt/products/body-hero-exfoliating-bar,Body,2026-09-30T14:35:49+00:00
8035307651317,Lidstar,https://www.glossier.com/en-lt/products/lidstar,Makeup,2026-09-30T14:35:51+00:00
8784198795509,Wavy Tray,https://www.glossier.com/en-lt/products/wavy-tray,Merch,2026-09-30T14:35:51+00:00
9315806183669,Cloud Paint Cheek Brush,https://www.glossier.com/en-lt/products/cloud-paint-cheek-brush,Makeup,2026-09-30T14:35:53+00:00
8734519099637,The Brow Kit,https://www.glossier.com/en-lt/products/brow-kit,Makeup,2026-09-30T14:35:54+00:00
9042584371445,Care Package,https://www.glossier.com/en-lt/products/care-package,Body,2026-09-30T14:35:55+00:00
9011109789941,The Lip Kit,https://www.glossier.com/en-lt/products/lip-kit,Makeup,2026-09-30T14:35:56+00:00
8284280193269,Solution,https://www.glossier.com/en-lt/products/solution,Skincare,2026-09-30T14:35:58+00:00
8035307258101,Deodorant Refill Stick,https://www.glossier.com/en-lt/products/deodorant-refill-stick,Body,2026-09-30T14:35:59+00:00
9119279120629,Daily Perfecting Lotion,https://www.glossier.com/en-lt/products/body-hero-daily-perfecting-lotion,Body,2026-09-30T14:36:00+00:00
9119274959093,Daily Oil Wash,https://www.glossier.com/en-lt/products/body-hero-daily-oil-wash,Body,2026-09-30T14:36:02+00:00
9349787418869,Hand Cream,https://www.glossier.com/en-lt/products/hand-cream,Body,2026-09-30T14:36:03+00:00
8703842156789,Boy Brow Arch,https://www.glossier.com/en-lt/products/boy-brow-arch,Makeup,2026-09-30T14:36:05+00:00
9674603921653,Embroidered Pink Hoodie,https://www.glossier.com/en-lt/products/embroidered-pink-hoodie,Merch,2026-09-30T14:36:06+00:00
9345143865589,Glossier You Discovery Kit,https://www.glossier.com/en-lt/products/glossier-you-mini-wardrobe,Fragrance,2026-09-30T14:36:06+00:00
8138352754933,Glossier You,https://www.glossier.com/en-lt/products/glossier-you,Fragrance,2026-09-30T14:36:08+00:00
8940012372213,Glossier You Doux,https://www.glossier.com/en-lt/products/glossier-you-doux,Fragrance,2026-09-30T14:36:09+00:00
