product_id,variant_id,product_name,variant_name,url,category,description,price,discounted_price,is_flexible_set,flexible_discount_percent,in_stock,scraped_at
9673207906549,48145894605045,Fragrance Duo,,https://www.glossier.com/en-lt/products/fragrance-duo?variant=48145894605045,Fragrance,Build your dream fragrance set with this customizable duo. Simply pick two full-size bottles from our skin-scent enhancing Glossier You Collection!,,,True,15.0,True,2026-10-01T12:24:16+00:00
9763083223285,48440263049461,The Glossier Icons,,https://www.glossier.com/en-lt/products/the-glossier-icons?variant=48440263049461,Makeup,"Three Glossier best-sellers for your everyday, one very cute bag. Boy Brow for fluffy, groomed brows, Balm Dotcom for instant lip nourishment, and our viral Glossier You Travel Spray for an ultra-personal scent. Zip them inside our Pink Mini Beauty Bag and you're set!","€138,95","€85,95",False,,True,2026-10-01T12:24:17+00:00
9673212657909,48145911644405,Fragrance Trio,,https://www.glossier.com/en-lt/products/fragrance-trio?variant=48145911644405,Fragrance,Build your dream fragrance set with this customizable trio. Simply pick three Travel Sprays from our skin-scent enhancing Glossier You Collection!,,,True,21.0,True,2026-10-01T12:24:19+00:00
9673208430837,48145895489781,Fragrance Two Ways,,https://www.glossier.com/en-lt/products/fragrance-two-ways?variant=48145895489781,Fragrance,"Build your dream fragrance set with this customizable duo. Simply pick one full-size bottle for your Top Shelf, and a Travel Spray for easy, on-the-go touch-ups!",,,True,15.0,True,2026-10-01T12:24:20+00:00
9151050449141,46731770429685,Balm Dotcom Trio,,https://www.glossier.com/en-lt/products/balm-dotcom-trio?variant=46731770429685,Balms,"Treat your lips to a trio of our moisturizing lip balms with our original, cult-favorite formula. Pick any three tubes to satisfy your shade and flavor preferences.","€63,95","€55,95",False,,True,2026-10-01T12:24:21+00:00
9720388026613,48273454137589,Boy Brow Duo,,https://www.glossier.com/en-lt/products/boy-brow-duo?variant=48273454137589,Makeup,"Stock up on Boy Brow and save with a duo of our best-selling eyebrow pomade. Designed to fill, fluff, shape and groom, it gives brows soft, flexible hold and natural-looking fullness in just a few swipes. Keep one at home, one in your bag—or never risk running out of your perfect brow routine!","€58,95","€48,95",False,,True,2026-10-01T12:24:23+00:00
9673208594677,48145895719157,Travel Spray + Balm,,https://www.glossier.com/en-lt/products/travel-spray-balm?variant=48145895719157,Fragrance,The ultimate on-the-go duo: Balm Dotcom for instant nourishment and Glossier You Travel Spray for fragrance touch-ups. Ideal for any handbag or makeup bag.,,,True,10.0,True,2026-10-01T12:24:24+00:00
8349789815029,44858576568565,You + You Travel Spray,,https://www.glossier.com/en-lt/products/more-of-you-duo?variant=44858576568565,Fragrance,"Two ways to enjoy our bestselling fragrance, Glossier you.—a full-sized eau de parfum and a Travel Spray for on-the-go targeted application.","€150,95","€128,95",False,,True,2026-10-01T12:24:25+00:00
9110245540085,46634708041973,The Glossier You Routine,,https://www.glossier.com/en-lt/products/glossier-you-routine?variant=46634708041973,Fragrance,Two iconic Glossier products to make your routine a little more luxe. Wear them solo or layer them together for a long-lasting fragrance experience.,"€167,95","€121,95",False,,True,2026-10-01T12:24:25+00:00
9748303511797,48387980493045,In A New York Minute Set,,https://www.glossier.com/en-lt/products/in-a-new-york-minute?variant=48387980493045,Makeup,"Get ready in a New York minute with Balm Dotcom, Boy Brow, Cloud Paint Plush Blush and Lip Line. Four makeup must-haves for a seamless look you can put together while on the subway or in the back of a moving cab.","€110,95","€92,95",False,,True,2026-10-01T12:24:27+00:00
8734519099637,45676484985077,The Brow Kit,,https://www.glossier.com/en-lt/products/brow-kit?variant=45676484985077,Makeup,New Boy Brow Arch shapes and defines brows with a 2-in-1 custom tip shape— a precision edge for hair-like flicks and flat edge to fill sparse areas. Pair with our legendary face-framing Boy Brow for flexible hold + a total brow look.,"€60,95","€51,95",False,,True,2026-10-01T12:24:28+00:00
9011109789941,46352044949749,The Lip Kit,,https://www.glossier.com/en-lt/products/lip-kit?variant=46352044949749,Makeup,"Build the ultimate combo with Lip Line, our enhancing lip pencil, and Ultralip, our high-shine lipstick for a hint of moisturizing color.","€55,95","€44,95",False,,True,2026-10-01T12:24:29+00:00
8262396510453,44451546497269,The Cheek Kit,,https://www.glossier.com/en-lt/products/the-cheek-kit?variant=44451546497269,Makeup,"A perfect duo curated for a dewy glow. Apply our oil-serum hybrid, Futuredew, for a lit-from-within glow, then top off your look with Cloud Paint, our seamless, gel-cream cheek color, for a natural-looking flush or sun-hugged definition.","€71,95","€56,95",False,,True,2026-10-01T12:24:30+00:00
8096651477237,43980539068661,The Face Kit,,https://www.glossier.com/en-lt/products/the-face-kit?variant=43980539068661,Makeup,"Two makeup icons for natural coverage. Start by applying with our ultra-thin, breathable Perfecting Skin Tint all over the face and spot correct with our buildable Stretch Balm Concealer. The result? A glowy, looks-like-you base that feels like you’ve got nothing on.","€68,95","€62,95",False,,True,2026-10-01T12:24:31+00:00
9151055298805,46731773575413,Balm + Line Duo,,https://www.glossier.com/en-lt/products/balm-line-duo?variant=46731773575413,Makeup,"Pucker up to this limited edition lip combo. Start by lining your lips with our seamless enhancing pencil, Lip Line, and finish off the look with a few swipes of our nourishing Balm Dotcom.","€47,95","€42,95",False,,True,2026-10-01T12:24:33+00:00
8255693258997,44416364609781,Cloud Paint Duo,,https://www.glossier.com/en-lt/products/cloud-paint-duo?variant=44416364609781,Makeup,Choose your own adventure with 2 Cloud Paints of your choice. Wear them alone or tap into your inner artist and mix or layer together for a custom look.,"€63,95","€50,95",False,,True,2026-10-01T12:24:34+00:00
9720429347061,48273571774709,The No-Makeup Makeup Kit,,https://www.glossier.com/en-lt/products/the-no-makeup-makeup-kit?variant=48273571774709,Makeup,"Your shortcut to looking like the best version of yourself. The No-Makeup Makeup Kit pairs three everyday icons: Lash Slick for long, defined lashes that won’t budge, Boy Brow for soft, fluffy brows with flexible hold, and Stretch Balm Concealer for medium, dewy coverage wherever you want it. Together, they create a fresh-faced look that enhances, never hides.","€84,95","€71,95",False,,True,2026-10-01T12:24:36+00:00
9720506679541,48273762582773,The Skincare Icons,,https://www.glossier.com/en-lt/products/the-skincare-icons-eu?variant=48273762582773,Makeup,"Three steps, every day. Start and end the day with our conditioning face wash, Milky Jelly Cleanser. Lock in moisture with our cocooning recovery cream, After Baume. And keep your skin protected from the sun with our lightweight SPF50 Invisible Shield sunscreen.","€118,95","€95,95",False,,True,2026-10-01T12:24:36+00:00
9688026841333,48189058580725,You Look Good Pet Set,,https://www.glossier.com/en-lt/products/you-look-good-pet-set?variant=48189058580725,Merch,"Your dog is already the cutest one at the park. Might as well dress the part. This walk-ready set includes our limited-edition You Look Good Leash, You Look Good Collar, Smile Wave Pet Waste Bags, plus a matching dispenser (already stocked with a roll) for serving looks from first lap to final potty break.","€63,95","€50,95",False,,True,2026-10-01T12:24:38+00:00
9688046076149,48189119332597,The Curbside Set,,https://www.glossier.com/en-lt/products/the-curbside-set?variant=48189119332597,Merch,"Every good walk starts with the essentials. This walk-ready duo pairs our Pet Waste Bag Dispenser—already pre-packed with one roll of bags—with an additional eight unscented rolls of Smile Wave Pet Waste Bags, so you’re always prepared for whatever the sidewalk throws your way. Cute, convenient and deeply appreciated by your neighborhood.","€17,95","€13,95",False,,True,2026-10-01T12:24:40+00:00
9119288197365,46654835425525,Full Body Routine,,https://www.glossier.com/en-lt/products/full-body-routine?variant=46654835425525,Body,"One scent, three ways to wear it. Complete with our Daily Oil Wash, Daily Perfecting Lotion and Body Spritz, this full-body trio is designed to be layered. Just cleanse, lock in moisture and finish with our lightweight hair-and-body mist. Available in two iconic scents.","€120,95","€96,95",False,,True,2026-10-01T12:24:41+00:00
9345143865589,47033868976373,Glossier You Discovery Kit,,https://www.glossier.com/en-lt/products/glossier-you-mini-wardrobe?variant=47033868976373,Fragrance,"A trial-sized collection featuring four of our Glossier You fragrances: You, Doux, Reve, and Fleur. The Glossier You Collection is a collection of skin-scent enhancers that are designed to be layered and played with.","€19,95",,False,,True,2026-10-01T12:24:42+00:00
8035305029877,43781981864181,Lash Slick Duo,,https://www.glossier.com/en-lt/products/lash-slick-duo?variant=43781981864181,Makeup,"Two doses of our best-selling Lash Slick Mascara in your choice of Black, Brown, or one of each. Keep one at home and one on-the-go, so you’re never without visibly lengthened, lifted lashes.","€52,95","€47,95",False,,True,2026-10-01T12:24:44+00:00
9011101597941,46351758459125,Ultralip Duo,,https://www.glossier.com/en-lt/products/ultralip-duo?variant=46351758459125,Makeup,,"€58,95","€51,95",False,,True,2026-10-01T12:24:44+00:00
9042584371445,46437774426357,Care Package,,https://www.glossier.com/en-lt/products/care-package?variant=46437774426357,Body,Treat yourself or a loved one to this ultra-nourishing duo. Because nothing says ‘I love you’ quite like our do-everything lip balm and our supercharged hand cream infused with Glossier You.,"€47,95","€42,95",False,,True,2026-10-01T12:24:45+00:00
