product_name,product_id,image,url,price,was_price,scraped_at
Ballantine's Scotch Whisky 700mL Bottle,555940,"[""https://cdn.metcash.media/image/upload/w_1500,h_1500,c_pad,b_auto/alm-online/images/555940.jpg""]",https://www.cellarbrations.com.au/sm/delivery/rsid/144981/product/ballantines-scotch-whisky-700ml-bottle-id-555940,$58.00,,2026-10-01T19:00:25+00:00
Black Douglas Scotch Whisky 700mL Bottle,555584,"[""https://cdn.metcash.media/image/upload/w_1500,h_1500,c_pad,b_auto/alm-online/images/555584.jpg""]",https://www.cellarbrations.com.au/sm/delivery/rsid/144981/product/black-douglas-scotch-whisky-700ml-bottle-id-555584,$48.00,,2026-10-01T19:00:25+00:00
Bond Seven Whisky 700mL Bottle,557780,"[""https://cdn.metcash.media/image/upload/w_1500,h_1500,c_pad,b_auto/alm-online/images/557780.jpg""]",https://www.cellarbrations.com.au/sm/delivery/rsid/144981/product/bond-seven-whisky-700ml-bottle-id-557780,$50.00,,2026-10-01T19:00:25+00:00
Bruichladdich The Classic Laddie Single Malt Scotch Whisky 700mL Bottle,197129,"[""https://cdn.metcash.media/image/upload/w_1500,h_1500,c_pad,b_auto/alm-online/images/197129.jpg""]",https://www.cellarbrations.com.au/sm/delivery/rsid/144981/product/bruichladdich-the-classic-laddie-single-malt-scotch-whisky-700ml-bottle-id-197129,$115.00,,2026-10-01T19:00:25+00:00
Bushmills 10 Year Old Single Malt Irish Whiskey 700mL Bottle,238085,"[""https://cdn.metcash.media/image/upload/w_1500,h_1500,c_pad,b_auto/alm-online/images/238085.jpg""]",https://www.cellarbrations.com.au/sm/delivery/rsid/144981/product/bushmills-10-year-old-single-malt-irish-whiskey-700ml-bottle-id-238085,$75.00,,2026-10-01T19:00:25+00:00
Canadian Club 8 Year Old Blended Canadian Whisky 700mL Bottle,887622,"[""https://cdn.metcash.media/image/upload/w_1500,h_1500,c_pad,b_auto/alm-online/images/887622.jpg""]",https://www.cellarbrations.com.au/sm/delivery/rsid/144981/product/canadian-club-8-year-old-blended-canadian-whisky-700ml-bottle-id-887622,$58.00,,2026-10-01T19:00:25+00:00
Canadian Club Classic 12 Year Old Whisky 700mL Bottle,570225,"[""https://cdn.metcash.media/image/upload/w_1500,h_1500,c_pad,b_auto/alm-online/images/570225.jpg""]",https://www.cellarbrations.com.au/sm/delivery/rsid/144981/product/canadian-club-classic-12-year-old-whisky-700ml-bottle-id-570225,$75.00,,2026-10-01T19:00:25+00:00
Canadian Club Original 1L Bottle,760472,"[""https://cdn.metcash.media/image/upload/w_1500,h_1500,c_pad,b_auto/alm-online/images/760472.jpg""]",https://www.cellarbrations.com.au/sm/delivery/rsid/144981/product/canadian-club-original-1l-bottle-id-760472,$68.00,,2026-10-01T19:00:25+00:00
Canadian Club Original 700mL Bottle,560929,"[""https://cdn.metcash.media/image/upload/w_1500,h_1500,c_pad,b_auto/alm-online/images/560929.jpg""]",https://www.cellarbrations.com.au/sm/delivery/rsid/144981/product/canadian-club-original-700ml-bottle-id-560929,$50.00,,2026-10-01T19:00:25+00:00
Chivas Regal 12 Year Old Blended Scotch Whisky 700mL Bottle,557099,"[""https://cdn.metcash.media/image/upload/w_1500,h_1500,c_pad,b_auto/alm-online/images/557099.jpg""]",https://www.cellarbrations.com.au/sm/delivery/rsid/144981/product/chivas-regal-12-year-old-blended-scotch-whisky-700ml-bottle-id-557099,$55.00,$59.00,2026-10-01T19:00:25+00:00
Chivas Regal 18 Year Old Blended Scotch Whisky 700mL Bottle,540893,"[""https://cdn.metcash.media/image/upload/w_1500,h_1500,c_pad,b_auto/alm-online/images/540893.jpg""]",https://www.cellarbrations.com.au/sm/delivery/rsid/144981/product/chivas-regal-18-year-old-blended-scotch-whisky-700ml-bottle-id-540893,$145.00,,2026-10-01T19:00:25+00:00
Chivas Regal Extra Blended Scotch Whisky 700mL Bottle,199927,"[""https://cdn.metcash.media/image/upload/w_1500,h_1500,c_pad,b_auto/alm-online/images/199927.jpg""]",https://www.cellarbrations.com.au/sm/delivery/rsid/144981/product/chivas-regal-extra-blended-scotch-whisky-700ml-bottle-id-199927,$67.00,,2026-10-01T19:00:25+00:00
Dewar's 12 Year Old Blended Scotch Whisky 700mL Bottle,856388,"[""https://cdn.metcash.media/image/upload/w_1500,h_1500,c_pad,b_auto/alm-online/images/856388.jpg""]",https://www.cellarbrations.com.au/sm/delivery/rsid/144981/product/dewars-12-year-old-blended-scotch-whisky-700ml-bottle-id-856388,$69.99,,2026-10-01T19:00:25+00:00
Dewar's White Label Blended Scotch Whisky 40% 700mL Bottle,566844,"[""https://cdn.metcash.media/image/upload/w_1500,h_1500,c_pad,b_auto/alm-online/images/566844.jpg""]",https://www.cellarbrations.com.au/sm/delivery/rsid/144981/product/dewars-white-label-blended-scotch-whisky-40-700ml-bottle-id-566844,$64.00,,2026-10-01T19:00:25+00:00
Dimple 12 Year Old Blended Scotch Whisky 700mL Bottle,990124,"[""https://cdn.metcash.media/image/upload/w_1500,h_1500,c_pad,b_auto/alm-online/images/990124.jpg""]",https://www.cellarbrations.com.au/sm/delivery/rsid/144981/product/dimple-12-year-old-blended-scotch-whisky-700ml-bottle-id-990124,$60.00,,2026-10-01T19:00:25+00:00
Dimple 15 Year Old Scotch Whisky 700mL Bottle,587696,"[""https://cdn.metcash.media/image/upload/w_1500,h_1500,c_pad,b_auto/alm-online/images/587696.jpg""]",https://www.cellarbrations.com.au/sm/delivery/rsid/144981/product/dimple-15-year-old-scotch-whisky-700ml-bottle-id-587696,$68.00,,2026-10-01T19:00:25+00:00
Glenfiddich 12 Year Old Single Malt Scotch Whisky 700mL,85775,"[""https://cdn.metcash.media/image/upload/w_1500,h_1500,c_pad,b_auto/alm-online/images/85775.jpg""]",https://www.cellarbrations.com.au/sm/delivery/rsid/144981/product/glenfiddich-12-year-old-single-malt-scotch-whisky-700ml--id-85775,$90.00,,2026-10-01T19:00:25+00:00
Glenfiddich Single Malt Scotch Whisky Grand Cru 23 Year Old 700mL Bottle,221973,"[""https://cdn.metcash.media/image/upload/w_1500,h_1500,c_pad,b_auto/alm-online/images/221973.jpg""]",https://www.cellarbrations.com.au/sm/delivery/rsid/144981/product/glenfiddich-single-malt-scotch-whisky-grand-cru-23-year-old-700ml-bottle-id-221973,$520.00,,2026-10-01T19:00:25+00:00
Glenmorangie Original Single Malt Scotch Whisky 700mL Bottle,650130,"[""https://cdn.metcash.media/image/upload/w_1500,h_1500,c_pad,b_auto/alm-online/images/650130.jpg""]",https://www.cellarbrations.com.au/sm/delivery/rsid/144981/product/glenmorangie-original-single-malt-scotch-whisky-700ml-bottle-id-650130,$80.00,,2026-10-01T19:00:25+00:00
Glenshiel Blended Scotch Whisky 700mL Bottle,647250,"[""https://cdn.metcash.media/image/upload/w_1500,h_1500,c_pad,b_auto/alm-online/images/647250.jpg""]",https://www.cellarbrations.com.au/sm/delivery/rsid/144981/product/glenshiel-blended-scotch-whisky-700ml-bottle-id-647250,$47.00,,2026-10-01T19:00:25+00:00
Glenshiel Single Malt Scotch Whisky 700mL Bottle,279604,"[""https://cdn.metcash.media/image/upload/w_1500,h_1500,c_pad,b_auto/alm-online/images/279604.jpg""]",https://www.cellarbrations.com.au/sm/delivery/rsid/144981/product/glenshiel-single-malt-scotch-whisky-700ml-bottle-id-279604,$47.00,,2026-10-01T19:00:25+00:00
Gospel Straight Rye Whiskey 700mL Bottle,846579,"[""https://cdn.metcash.media/image/upload/w_1500,h_1500,c_pad,b_auto/alm-online/images/846579.jpg""]",https://www.cellarbrations.com.au/sm/delivery/rsid/144981/product/gospel-straight-rye-whiskey-700ml-bottle-id-846579,$94.99,,2026-10-01T19:00:25+00:00
Grant's Scotch Whisky 700mL Bottle,566886,"[""https://cdn.metcash.media/image/upload/w_1500,h_1500,c_pad,b_auto/alm-online/images/566886.jpg""]",https://www.cellarbrations.com.au/sm/delivery/rsid/144981/product/grants-scotch-whisky-700ml-bottle-id-566886,$49.00,$52.00,2026-10-01T19:00:25+00:00
Hibiki Harmony Japanese Whisky 700mL Bottle,674715,"[""https://cdn.metcash.media/image/upload/w_1500,h_1500,c_pad,b_auto/alm-online/images/674715.jpg""]",https://www.cellarbrations.com.au/sm/delivery/rsid/144981/product/hibiki-harmony-japanese-whisky-700ml-bottle-id-674715,$190.00,,2026-10-01T19:00:25+00:00
Jameson Irish Whiskey 1L Bottle,590314,"[""https://cdn.metcash.media/image/upload/w_1500,h_1500,c_pad,b_auto/alm-online/images/590314.jpg""]",https://www.cellarbrations.com.au/sm/delivery/rsid/144981/product/jameson-irish-whiskey-1l-bottle-id-590314,$78.00,,2026-10-01T19:00:25+00:00
Jameson Irish Whiskey 700mL Bottle,558299,"[""https://cdn.metcash.media/image/upload/w_1500,h_1500,c_pad,b_auto/alm-online/images/558299.jpg""]",https://www.cellarbrations.com.au/sm/delivery/rsid/144981/product/jameson-irish-whiskey-700ml-bottle-id-558299,$58.00,,2026-10-01T19:00:25+00:00
Johnnie Walker 18 Year Old Scotch Whisky 700mL Bottle,911248,"[""https://cdn.metcash.media/image/upload/w_1500,h_1500,c_pad,b_auto/alm-online/images/911248.jpg""]",https://www.cellarbrations.com.au/sm/delivery/rsid/144981/product/johnnie-walker-18-year-old-scotch-whisky-700ml-bottle-id-911248,$159.00,,2026-10-01T19:00:25+00:00
Johnnie Walker Black Label Scotch Whisky 1L Bottle,500005206,"[""https://cdn.metcash.media/image/upload/w_1500,h_1500,c_pad,b_auto/alm-online/images/500005206.jpg""]",https://www.cellarbrations.com.au/sm/delivery/rsid/144981/product/johnnie-walker-black-label-scotch-whisky-1l-bottle-id-500005206,$86.00,,2026-10-01T19:00:25+00:00
Johnnie Walker Black Label Scotch Whisky 700mL Bottle,14452,"[""https://cdn.metcash.media/image/upload/w_1500,h_1500,c_pad,b_auto/alm-online/images/14452.jpg""]",https://www.cellarbrations.com.au/sm/delivery/rsid/144981/product/johnnie-walker-black-label-scotch-whisky-700ml-bottle-id-14452,$59.00,,2026-10-01T19:00:25+00:00
Johnnie Walker Double Black Scotch Whisky 700mL Bottle,542950,"[""https://cdn.metcash.media/image/upload/w_1500,h_1500,c_pad,b_auto/alm-online/images/542950.jpg""]",https://www.cellarbrations.com.au/sm/delivery/rsid/144981/product/johnnie-walker-double-black-scotch-whisky-700ml-bottle-id-542950,$70.00,,2026-10-01T19:00:25+00:00
